{
    "Dataset140_Hour_00_Minute_00_Second_01_Frame_0016": {
        "PDF#37-1484": 280.77579104394533,
        "PDF#05-0665": 10.30369875390625
    }
}